path,subject_id,true_label,pred_label,true_idx,pred_idx,confidence,severity_score,prob_LOW,prob_MILD,prob_SEVERE,fold,correct
data/LOW_1.jpeg,LOW_1,LOW,LOW,0,0,0.9897,0.0187,0.9897,0.002,0.0083,1,1
data/LOW_2.jpeg,LOW_2,LOW,LOW,0,0,0.9941,0.0113,0.9941,0.0006,0.0053,2,1
data/LOW_3.jpeg,LOW_3,LOW,LOW,0,0,0.9999,0.0002,0.9999,0.0,0.0001,3,1
data/LOW_4.jpeg,LOW_4,LOW,LOW,0,0,0.7025,0.5408,0.7025,0.0542,0.2433,4,1
data/MILD_1.jpeg,MILD_1,MILD,SEVERE,1,2,0.5729,1.5719,0.001,0.4261,0.5729,5,0
data/MILD_2.jpeg,MILD_2,MILD,SEVERE,1,2,0.9874,1.9865,0.0009,0.0116,0.9874,6,0
data/MILD_3.jpeg,MILD_3,MILD,MILD,1,1,0.9998,0.9999,0.0001,0.9998,0.0,7,1
data/MILD_4.jpeg,MILD_4,MILD,MILD,1,1,0.9352,1.0616,0.0016,0.9352,0.0632,8,1
data/MILD_5.jpeg,MILD_5,MILD,MILD,1,1,0.6902,1.2359,0.037,0.6902,0.2729,9,1
data/MILD_6.jpeg,MILD_6,MILD,MILD,1,1,0.9869,1.011,0.0011,0.9869,0.0121,10,1
data/MILD_7.jpeg,MILD_7,MILD,SEVERE,1,2,0.5851,1.5731,0.012,0.4029,0.5851,11,0
data/SEVERE_1.jpeg,SEVERE_1,SEVERE,SEVERE,2,2,0.7279,1.5364,0.1915,0.0805,0.7279,12,1
data/SEVERE_2.jpeg,SEVERE_2,SEVERE,SEVERE,2,2,0.9914,1.991,0.0004,0.0082,0.9914,13,1
data/US_15_control_3_21d.jpeg,US_15_CONTROL_3_21D,SEVERE,SEVERE,2,2,0.977,1.9651,0.0119,0.0111,0.977,14,1
data/US_16_control_3_21d.jpeg,US_16_CONTROL_3_21D,SEVERE,SEVERE,2,2,0.5131,1.5128,0.0003,0.4865,0.5131,15,1
data/US_17_control_3_21d.jpeg,US_17_CONTROL_3_21D,SEVERE,MILD,2,1,0.6357,1.2524,0.0559,0.6357,0.3084,16,0
