subject_id,group,injury_label,day,rat_no_in_source_group,alt_u_l,ast_u_l,mda_umol_l,de_ritis,liver_index_pct,histology_score,steatosis_score,necrosis_score,inflammation_score,notes,source_file,source_sheet,source_row,include_for_model
INTACT_1,Интактная,INTACT,0,1,184.9,41.8,1.2,0.22606814494321253,,,,,,extracted from rat-level DOCX table; liver index not present in DOCX,Дополнительные данные.docx,table_2_rat_level_biochemistry,2,False
INTACT_2,Интактная,INTACT,0,2,187.1,42.5,1.7,0.22715125601282737,,,,,,extracted from rat-level DOCX table; liver index not present in DOCX,Дополнительные данные.docx,table_2_rat_level_biochemistry,3,False
INTACT_3,Интактная,INTACT,0,3,188.9,43.0,2.0,0.22763366860772896,,,,,,extracted from rat-level DOCX table; liver index not present in DOCX,Дополнительные данные.docx,table_2_rat_level_biochemistry,4,False
INTACT_4,Интактная,INTACT,0,4,190.6,43.2,2.4,0.22665267576075554,,,,,,extracted from rat-level DOCX table; liver index not present in DOCX,Дополнительные данные.docx,table_2_rat_level_biochemistry,5,False
LOW_1,"CCl4,7 сутки",LOW,7,1,105.8,48.4,6.2,0.45746691871455575,,,,,,extracted from rat-level DOCX table; liver index not present in DOCX,Дополнительные данные.docx,table_2_rat_level_biochemistry,6,True
LOW_2,"CCl4,7 сутки",LOW,7,2,108.7,49.3,6.8,0.45354185832566696,,,,,,extracted from rat-level DOCX table; liver index not present in DOCX,Дополнительные данные.docx,table_2_rat_level_biochemistry,7,True
LOW_3,"CCl4,7 сутки",LOW,7,3,111.2,50.1,7.3,0.4505395683453237,,,,,,extracted from rat-level DOCX table; liver index not present in DOCX,Дополнительные данные.docx,table_2_rat_level_biochemistry,8,True
LOW_4,"CCl4,7 сутки",LOW,7,4,113.0,51.2,7.6,0.4530973451327434,,,,,,extracted from rat-level DOCX table; liver index not present in DOCX,Дополнительные данные.docx,table_2_rat_level_biochemistry,9,True
MILD_1,"CCl4,14 сутки",MILD,14,1,92.8,59.1,6.7,0.6368534482758621,,,,,,extracted from rat-level DOCX table; liver index not present in DOCX,Дополнительные данные.docx,table_2_rat_level_biochemistry,10,True
MILD_2,"CCl4,14 сутки",MILD,14,2,95.7,60.0,7.0,0.6269592476489028,,,,,,extracted from rat-level DOCX table; liver index not present in DOCX,Дополнительные данные.docx,table_2_rat_level_biochemistry,11,True
MILD_3,"CCl4,14 сутки",MILD,14,3,98.1,61.2,7.4,0.6238532110091743,,,,,,extracted from rat-level DOCX table; liver index not present in DOCX,Дополнительные данные.docx,table_2_rat_level_biochemistry,12,True
MILD_4,"CCl4,14 сутки",MILD,14,4,101.1,62.3,7.7,0.6162215628090999,,,,,,extracted from rat-level DOCX table; liver index not present in DOCX,Дополнительные данные.docx,table_2_rat_level_biochemistry,13,True
SEVERE_1,"CCl4,21 сутки",SEVERE,21,1,219.4,52.8,3.0,0.24065633546034637,,,,,,extracted from rat-level DOCX table; liver index not present in DOCX,Дополнительные данные.docx,table_2_rat_level_biochemistry,14,True
SEVERE_2,"CCl4,21 сутки",SEVERE,21,2,222.1,53.4,3.2,0.24043223773075192,,,,,,extracted from rat-level DOCX table; liver index not present in DOCX,Дополнительные данные.docx,table_2_rat_level_biochemistry,15,True
US_15_CONTROL_3_21D,"CCl4,21 сутки",SEVERE,21,3,224.9,54.0,3.5,0.24010671409515338,,,,,,extracted from rat-level DOCX table; liver index not present in DOCX,Дополнительные данные.docx,table_2_rat_level_biochemistry,16,True
US_16_CONTROL_3_21D,"CCl4,21 сутки",SEVERE,21,4,227.1,55.0,3.9,0.242184059885513,,,,,,extracted from rat-level DOCX table; liver index not present in DOCX,Дополнительные данные.docx,table_2_rat_level_biochemistry,17,True
